position,link,title,source,date,snippet,thumbnail,source_file
1,https://fxnewsgroup.com/forex-news/retail-forex/oanda-launches-labs-trader-program/,OANDA launches Labs Trader program,FX News Group,22 Jan 2024,The OANDA Labs Trader program allows traders who pass an assessment to gain access to an OANDA Labs Trader account and share in the P&L they produce. OANDA's...,https://serpapi.com/searches/680763d36f27688bfeccc7e1/images/0fed63e44aae3c3977cf288b28cf765b041bb37ab184a7025e87cae5a8a23d71.jpeg,news_structured_OANDA_01-01-2024_01-31-2024
2,https://www.financemagnates.com/forex/oanda-launches-prop-trading-services-under-bvi-entity/,OANDA Launches Prop Trading Services under BVI Entity,Finance Magnates,22 Jan 2024,"A Transparent Business Model ... OANDA, a popular brokerage brand in forex and contracts for differences (CFDs), has jumped into the proprietary trading business...",https://serpapi.com/searches/680763d36f27688bfeccc7e1/images/0fed63e44aae3c3966ece7c17b4fefc71876ec628c1ef1f711c834913affb836.jpeg,news_structured_OANDA_01-01-2024_01-31-2024
3,https://www.prnewswire.com/in/news-releases/oanda-unveils-labs-trader-program-302040239.html,OANDA unveils Labs Trader program,PR Newswire,22 Jan 2024,"PRNewswire/ -- OANDA Global Corporation today announced the launch of OANDA Labs Trader, a pioneering trading program centred around profit sharing that...",https://serpapi.com/searches/680763d36f27688bfeccc7e1/images/0fed63e44aae3c399d7ebb7e19ec072b90fe62d39239a043dc1b08f86131fe8a.jpeg,news_structured_OANDA_01-01-2024_01-31-2024
4,https://www.leaprate.com/forex/oanda-joins-the-prop-trading-industry-with-oanda-labs-trader/,OANDA Joins the Prop Trading Industry With OANDA Labs Trader,LeapRate,22 Jan 2024,"OANDA Joins the Prop Trading Industry With OANDA Labs Trader ... OANDA, a well-known forex and contracts for differences (CFDs) brokerage, has ventured into the...",https://serpapi.com/searches/680763d36f27688bfeccc7e1/images/0fed63e44aae3c395c2be519aa8e2871551098e84b32fdf46ac836ff608856da.jpeg,news_structured_OANDA_01-01-2024_01-31-2024
5,https://www.tradingview.com/news/financemagnates:7a5fd99d9094b:0-oanda-tms-announces-partnership-with-tradingview-in-poland/,OANDA TMS Announces Partnership with TradingView in Poland,TradingView,11 Jan 2024,"OANDA TMS is the first Polish broker to partner with TradingView, the world's largest charting platform and social network for traders. The collaboration will...",https://serpapi.com/searches/680763d36f27688bfeccc7e1/images/0fed63e44aae3c396288e05ee58ae81846dc386c5f6ac7a45aa8caeed6d15003.jpeg,news_structured_OANDA_01-01-2024_01-31-2024
6,https://www.marketpulse.com/forex/gbp/gbp-usd-volatile-after-uk-inflation-and-us-retail-sales-data/cerlam,GBP/USD – Volatile after UK inflation and US retail sales data,MarketPulse,18 Jan 2024,OANDA Senior Market Analyst Craig Erlam gives his analysis of GBPUSD in light of the UK inflation and US retail sales releases.,https://serpapi.com/searches/680763d36f27688bfeccc7e1/images/0fed63e44aae3c391e90f13243e735dd8201548be6672e9fe207481c865530e2.jpeg,news_structured_OANDA_01-01-2024_01-31-2024
7,https://www.financemagnates.com/forex/regulated-brokers-are-expanding-to-prop-trading-but-keeping-it-offshore/,"OANDA Is Not Alone: Regulated Brokers Enter Prop Trading, but Keeping It Offshore",Finance Magnates,24 Jan 2024,"OANDA is the latest one to launch prop trading under the brand, OANDA Labs Trader. OANDA, Axi, and Hantec Markets are a few names offering prop trading...",https://serpapi.com/searches/680763d36f27688bfeccc7e1/images/0fed63e44aae3c39a92cfae10bba576c5b845448efb012a0c82e17b2afd27ee2.jpeg,news_structured_OANDA_01-01-2024_01-31-2024
8,https://www.forexfactory.com/news/1262926-oanda-unveils-labs-trader-program,OANDA unveils Labs Trader program,Forex Factory,22 Jan 2024,"OANDA unveils Labs Trader program ... It's possible that other brokers will follow suit. ... FF Sister Sites: ... Forex Factory® is a brand of Fair Economy, Inc.",https://serpapi.com/searches/680763d36f27688bfeccc7e1/images/0fed63e44aae3c3942c5f450c99f9883212db88b1bfccd31dd0420085d241a13.jpeg,news_structured_OANDA_01-01-2024_01-31-2024
9,https://dailyhodl.com/2024/01/03/oandas-acquisition-of-coinpass-pioneering-crypto-trading/,OANDA’s Acquisition of Coinpass – Pioneering Crypto Trading,The Daily Hodl,3 Jan 2024,"OANDA, a renowned global leader in online multi-asset trading services and currency data, has announced its acquisition of Coinpass.",https://serpapi.com/searches/680763d36f27688bfeccc7e1/images/0fed63e44aae3c390be223de770278e03aa29300b14c948f0cf503771e67525f.png,news_structured_OANDA_01-01-2024_01-31-2024
10,https://www.tradingview.com/chart/XAUUSD/5QIJoce9-DXY-US-Dollar-Index-Everything-You-Need-to-Know/,DXY - US Dollar Index. Everything You Need to Know for OANDA:XAUUSD by VasilyTrader,TradingView,20 Jan 2024,Dollar Index (DXY) is a measure of the value of the United States Dollar against a weighted basket of major currencies.,https://serpapi.com/searches/680763d36f27688bfeccc7e1/images/0fed63e44aae3c3966a2c2ceca82c4f82e9ec734c4558523116653c6e4d17956.jpeg,news_structured_OANDA_01-01-2024_01-31-2024
1,https://www.dailyforex.com/forex-articles/metatrader-4-vs-tradingview-comparison/206534,TradingView vs MetaTrader - Which Platform is Better?,DailyForex,16 Jan 2024,"MetaTrader 4 remains the industry leader for algorithmic trading, and TradingView is the market leader for social traders featuring modern charting software.",https://serpapi.com/searches/680763d301b5f76020227079/images/5715522a989ba2db0e75306b8e52b1f08405fdd3192f53b013107be875e8d074.jpeg,news_structured_OANDA_01-01-2024_01-31-2024
1,https://fxnewsgroup.com/forex-news/retail-forex/court-dismisses-oandas-patent-infringement-claims-against-stonex/,Court dismisses OANDA’s patent infringement claims against StoneX,FX News Group,15 Feb 2024,Court dismisses OANDA's patent infringement claims against StoneX ... The Illinois Northern District Court has dismissed a patent infringement lawsuit brought by...,https://serpapi.com/searches/680763d7c654bf0a333e4f27/images/f5b457273913f8ad4ae4ff9962b22f89bd056ffa88de023b39e9ec5350927d6c.jpeg,news_structured_OANDA_02-01-2024_02-28-2024
2,https://www.marketpulse.com/news/eurjpy-price-action-and-technical-analysis-overview/,EURJPY Price Action and Technical Analysis Overview,MarketPulse,18 Feb 2024,"Talking Points: FOMC January 31st, 2024, Meeting Minutes. Technical Analysis EUR/JPY 8-Hour chart Commitment of Traders Report - EUR/JPY OANDA's Position.",https://serpapi.com/searches/680763d7c654bf0a333e4f27/images/f5b457273913f8ad6e792d3ea70e37d1f5887d5944356bcd8326c33104edb3d9.jpeg,news_structured_OANDA_02-01-2024_02-28-2024
3,https://www.disruptionbanking.com/2024/02/26/oanda-launches-fca-registered-crypto-trading-platform-in-the-uk/,OANDA launches FCA-registered crypto trading platform in the UK,Disruption Banking,26 Feb 2024,"OANDA Crypto, a true crypto-native platform for private investors and traders in the United Kingdom designed with security and responsiveness at its heart.",https://serpapi.com/searches/680763d7c654bf0a333e4f27/images/f5b457273913f8ada3049a0d574d97c5139341db44a9321406005b1bca3c3b5a.jpeg,news_structured_OANDA_02-01-2024_02-28-2024
4,https://www.tradingview.com/chart/XAUUSD/SaFYS3sq-Understanding-LIQUIDITY/,Understanding LIQUIDITY for OANDA:XAUUSD by Road_2_Funded,TradingView,7 Feb 2024,In this video I try to explain liquidity as it pertains to training in a simple manner. Liquidity are basically orders in the marketplace. Since trading is a...,https://serpapi.com/searches/680763d7c654bf0a333e4f27/images/f5b457273913f8ad2c3472170ca5124490d61c4ecdc76e9573499516aedda018.png,news_structured_OANDA_02-01-2024_02-28-2024
5,https://www.cryptotimes.io/2024/02/26/us-based-oanda-to-offer-crypto-trading-services-in-the-uk/,US-based OANDA to Offer Crypto Trading Services in the UK,The Crypto Times,26 Feb 2024,"OANDA's UK launch of OANDA Crypto offers trading for 63+ cryptocurrency pairs, starting with BTC and ETH, post-acquiring Coinpass.",https://serpapi.com/searches/680763d7c654bf0a333e4f27/images/f5b457273913f8ad0fbd3332d1f6828eeaf4876da86994b25b3e7196ea8d4ede.jpeg,news_structured_OANDA_02-01-2024_02-28-2024
6,https://www.marketpulse.com/news/gbpjpy-testing-highs-ahead-of-key-uk-economic-data/,GBP/JPY - Testing highs ahead of key UK economic data,www.marketpulse.com,12 Feb 2024,UK wage growth key to BoE sustainably hitting inflation target GBPJPY struggling near recent highs Divergence points to loss of momentum The coming days o.,https://serpapi.com/searches/680763d7c654bf0a333e4f27/images/f5b457273913f8adcdf911c74e946df466dfe21d63de7a7010fa5f34099bdbfa.jpeg,news_structured_OANDA_02-01-2024_02-28-2024
7,https://www.fxleaders.com/forex-brokers/tradingview-forex-brokers/,5 Best TradingView Forex Brokers (☑️Updated 2025*),FXLeaders,26 Feb 2024,5 Best TradingView Forex Brokers rated and reviewed. An overview of the brokers that made this list with their pros & cons for traders.,https://serpapi.com/searches/680763d7c654bf0a333e4f27/images/f5b457273913f8ad006be14460ef6359966b7b5e0340d3872d0f973b38d675bc.jpeg,news_structured_OANDA_02-01-2024_02-28-2024
8,https://www.coindesk.com/markets/2024/02/26/first-mover-americas-bitcoin-correction-could-be-approaching,First Mover Americas: Bitcoin Correction Could Be Approaching,CoinDesk,26 Feb 2024,"The latest price moves in bitcoin (BTC) and crypto markets in context for Feb. 26, 2024. First Mover is CoinDesk's daily newsletter that contextualizes the...",https://serpapi.com/searches/680763d7c654bf0a333e4f27/images/f5b457273913f8ad852ed12753351793950f3df113745bd4b37a91077bd16f55.png,news_structured_OANDA_02-01-2024_02-28-2024
9,https://www.tradingview.com/chart/XAUUSD/sYsWPMiY-Trading-Sessions-in-Forex-Free-Market-Sessions-Indicator/,Trading Sessions in Forex | Free Market Sessions Indicator for OANDA:XAUUSD by VasilyTrader,TradingView,17 Feb 2024,There is a free technical indicator on TradingView that allows to underline trading sessions on a price chart. It is called Market Sessions.,https://serpapi.com/searches/680763d7c654bf0a333e4f27/images/f5b457273913f8ad6cc854a1123f7aa6e2a60a0b815c90ea44980fb2bab90096.png,news_structured_OANDA_02-01-2024_02-28-2024
10,https://www.newyorkredbulls.com/news/new-york-red-bulls-announce-2024-theme-nights-giveaways-and-home-opener-activati,"New York Red Bulls Announce 2024 Theme Nights, Giveaways and Home Opener Activations",New York Red Bulls,9 Feb 2024,The New York Red Bulls have announced their theme nights and giveaways for the 2024 season. All 17 regular season home matches at Red Bull Arena will have a...,https://serpapi.com/searches/680763d7c654bf0a333e4f27/images/f5b457273913f8ade072b0c8123d916e32ec2232778777d6a9a2fce281682f47.jpeg,news_structured_OANDA_02-01-2024_02-28-2024
1,https://www.marketpulse.com/news/gbpusd-a-bearish-reversal-at-a-key-fib-level/,GBP/USD - A bearish reversal at a key Fib level?,www.marketpulse.com,7 Feb 2024,Fed policymakers sticking to the script US data continues to point to a strong economy Fib rebound may suggest we've seen a correction in GBPUSD It isn't.,https://serpapi.com/searches/680763d9dafde113a5ddf621/images/b3d078445accb37084a1f5b3c24b25ce6f25e4cfe0dae2b85f327c68a7d110ea.jpeg,news_structured_OANDA_02-01-2024_02-28-2024
2,https://www.heraldscotland.com/news/24145282.best-spread-betting-platforms-uk-expert-reviews-analysis/,Best spread betting platforms UK: Expert Reviews & Analysis,The Herald,26 Feb 2024,"We named Melbourne-based Pepperstone the top spread betting platform for UK-based traders due to its exceptional execution speeds, competitive trading costs.",https://serpapi.com/searches/680763d9dafde113a5ddf621/images/b3d078445accb3701ba9b3cf96fdfbfca648bda4a8790aae2c2a0b8b0e5a2ffb.jpeg,news_structured_OANDA_02-01-2024_02-28-2024
3,https://www.fxleaders.com/forex-brokers/forex-brokers-by-country/forex-brokers-usa/cftc-regulated-forex-brokers/,6 Best CFTC Regulated Forex Brokers (USA) (☑️Updated 2024*),FXLeaders,20 Feb 2024,6 Best CFTC Regulated Forex Brokers rated and reviewed. An overview of the brokers that made this list with their pros & cons for traders.,https://serpapi.com/searches/680763d9dafde113a5ddf621/images/b3d078445accb3708d36d12eed1200879346eb3a295c11296934e3482e99e2cb.png,news_structured_OANDA_02-01-2024_02-28-2024
4,https://www.tradingview.com/chart/DE30EUR/F3h7GysX-Timely-Opening-Range-Breakout-Strategy-TORB/,Timely Opening Range Breakout Strategy (TORB) for OANDA:DE30EUR by Zeiierman,TradingView,9 Feb 2024,TORB leverages high-frequency intraday data and aligns trading strategies with the active hours of the underlying stock markets.,https://serpapi.com/searches/680763d9dafde113a5ddf621/images/b3d078445accb370c2abc0c35fae3b7cefcc21717ba42512533cb6e19ad0f312.jpeg,news_structured_OANDA_02-01-2024_02-28-2024
5,https://www.heraldscotland.com/news/24131474.2024s-best-forex-trading-platforms-uk-expert-reviews-analysis/,2024's Best forex trading platforms in the UK: Expert Reviews & Analysis,The Herald,20 Feb 2024,"In-depth guide to the UK's best forex trading platforms for 2024. Rankings based on trading tools, execution, low spreads, and FCA regulation.",https://serpapi.com/searches/680763d9dafde113a5ddf621/images/b3d078445accb37059d30631a0786d02da47ee616f6be72983effd4363ad2440.jpeg,news_structured_OANDA_02-01-2024_02-28-2024
6,https://www.fxleaders.com/forex-brokers/iiroc-regulated-forex-brokers/,6 Best IIROC-Regulated Forex Brokers (☑️Updated 2025*),FXLeaders,26 Feb 2024,6 Best IIROC-Regulated Forex Brokers rated and reviewed. An overview of the brokers that made this list with their pros & cons for traders.,https://serpapi.com/searches/680763d9dafde113a5ddf621/images/b3d078445accb3707518bf43b76542969ca7425fbbbda6b1795c041ba53f24fc.jpeg,news_structured_OANDA_02-01-2024_02-28-2024
7,https://www.tradingview.com/news/financemagnates:4c1c37346094b:0-webull-expands-collaboration-with-tradingview-includes-trading-from-charts/,"Webull Expands Collaboration with TradingView, Includes Trading from Charts",TradingView,14 Feb 2024,"This new integration allows TradingView users to execute trades directly through a connected Webull account, initially supporting stocks, depository receipts,...",https://serpapi.com/searches/680763d9dafde113a5ddf621/images/b3d078445accb370a19bb1113fc70d393e14e59e7568d546c062edb0fed7dc7a.jpeg,news_structured_OANDA_02-01-2024_02-28-2024
8,https://www.tradingview.com/news/financemagnates:aaf0cb89a094b:0-top-trading-platforms-for-brokers-in-2024/,Top Trading Platforms for Brokers in 2024,TradingView,28 Feb 2024,"In the retail brokerage space, success hinges on the power and efficiency of trading platforms. Brokers require robust, reliable, and customizable solutions...",https://serpapi.com/searches/680763d9dafde113a5ddf621/images/b3d078445accb370bf7c32272ad6f5aa83bd2286ab1fcafa75bee1a6044f0808.jpeg,news_structured_OANDA_02-01-2024_02-28-2024
9,https://www.tradingview.com/news/financemagnates:f8c595249094b:0-prop-trading-firms-renaissance-cutting-us-clients-integrating-new-trading-platforms/,"Prop Trading Firms’ Renaissance: Cutting US Clients, Integrating New Trading Platforms",TradingView,19 Feb 2024,"The drama around prop trading is widening, as MetaQuotes is allegedly cracking down on using MetaTrader platforms. Although the Cyprus-headquartered company...",https://serpapi.com/searches/680763d9dafde113a5ddf621/images/b3d078445accb3709340f2fb83da5a8b40979767a687e73b7e3c3f0d05df37f9.jpeg,news_structured_OANDA_02-01-2024_02-28-2024
10,https://tradersunion.com/news/bonuses-and-promotions/show/5352-oanda-launches-special-offer-for-chinese-new-year/,OANDA launches special offer for Chinese New Year,Traders Union,6 Feb 2024,"The broker has prepared a special offer, the Red Package Bonus, timed to coincide with the Chinese Lunar New Year.",https://serpapi.com/searches/680763d9dafde113a5ddf621/images/b3d078445accb370979fb2d5019257d02cac807638e6dcbcf9d9e8b67956424d.jpeg,news_structured_OANDA_02-01-2024_02-28-2024
1,https://financefeeds.com/oanda-launches-fca-registered-oanda-crypto-in-the-uk/?ekit-blog-posts-paged=5869,OANDA Launches FCA-registered OANDA Crypto In The UK,FinanceFeeds,26 Feb 2024,"It was last year that OANDA acquired FCA-registered Coinpass, which meant that the global brokerage firm would eventually launch its own branded crypto...",https://serpapi.com/searches/680763da24f74bede91f610b/images/cc69920bf5f2ce7e69803ea469cfbd8dae79db48001c0bfd9b99770ec37fc7b4.jpeg,news_structured_OANDA_02-01-2024_02-28-2024
